codice_partita,id_linea,qualita,numeroarticoli,acquisto,stoccaggio,spedizione,costototale
1,7,Seconda Scelta,15,65.42,12.6,13.16,91.18
2,7,Terza Scelta,9,141.15,30.63,25.8,197.58
3,1,Seconda Scelta,7,154.06,20.19,5.33,179.58
4,4,Prima Scelta,14,128.78,47.67,16.02,192.47
5,1,Terza Scelta,8,187.98,43.44,13.97,245.39
6,6,Seconda Scelta,11,111.26,26.63,17.73,155.62
7,6,Seconda Scelta,7,134.32,28.25,24.71,187.28
8,7,Seconda Scelta,9,186.8,39.61,7.89,234.3
9,5,Prima Scelta,8,177.23,24.91,14.81,216.95
10,6,Seconda Scelta,11,186.71,42.0,20.17,248.88
11,9,Prima Scelta,15,62.6,21.63,21.59,105.82
12,2,Seconda Scelta,6,84.78,24.29,24.49,133.56
13,9,Prima Scelta,9,105.89,43.19,19.42,168.5
14,8,Terza Scelta,7,179.83,24.33,28.36,232.52
15,4,Terza Scelta,14,131.93,22.22,10.36,164.51
16,7,Terza Scelta,12,131.24,38.12,11.29,180.65
17,10,Seconda Scelta,11,127.52,13.0,28.31,168.83
18,5,Terza Scelta,11,180.06,23.39,23.68,227.13
19,3,Prima Scelta,15,93.57,42.13,25.06,160.76
20,2,Prima Scelta,10,114.67,33.53,9.0,157.2
21,2,Seconda Scelta,14,130.6,31.36,10.79,172.75
22,5,Prima Scelta,9,152.6,18.77,15.73,187.1
23,3,Terza Scelta,13,182.5,46.83,16.49,245.82
24,6,Seconda Scelta,9,128.34,35.75,24.65,188.74
25,7,Terza Scelta,15,163.67,34.95,16.43,215.05
26,8,Seconda Scelta,10,168.73,10.02,6.46,185.21
27,9,Terza Scelta,5,75.97,11.87,16.03,103.87
28,6,Prima Scelta,15,172.09,25.18,10.15,207.42
29,2,Prima Scelta,14,75.49,30.37,21.66,127.52
30,3,Prima Scelta,9,58.9,30.43,25.71,115.04
31,10,Terza Scelta,12,69.56,24.39,21.07,115.02
32,10,Seconda Scelta,12,188.6,17.77,22.76,229.13
33,3,Prima Scelta,15,171.63,25.86,26.16,223.65
34,7,Seconda Scelta,13,51.43,22.56,5.34,79.33
35,2,Prima Scelta,5,92.52,14.57,25.61,132.7
36,9,Prima Scelta,12,170.99,10.0,28.82,209.81
37,2,Terza Scelta,8,150.21,39.68,26.43,216.32
38,9,Seconda Scelta,7,175.35,33.36,6.28,214.99
39,3,Prima Scelta,7,74.58,49.15,25.84,149.57
40,6,Seconda Scelta,8,186.19,19.41,12.57,218.17
41,8,Prima Scelta,14,152.02,11.82,28.49,192.33
42,3,Terza Scelta,7,101.94,39.14,27.52,168.6
43,1,Terza Scelta,14,54.62,22.51,5.24,82.37
44,5,Terza Scelta,11,142.47,19.65,16.94,179.06
45,10,Seconda Scelta,7,88.43,14.09,28.55,131.07
46,3,Terza Scelta,9,113.92,12.85,20.64,147.41
47,8,Terza Scelta,11,116.4,43.44,22.05,181.89
48,7,Terza Scelta,14,97.92,38.18,27.09,163.19
49,10,Prima Scelta,12,156.99,41.9,14.03,212.92
50,2,Terza Scelta,13,165.75,44.89,23.46,234.1
51,8,Terza Scelta,7,128.28,23.34,24.46,176.08
52,3,Prima Scelta,11,141.65,28.93,8.57,179.15
53,5,Seconda Scelta,13,162.56,34.2,10.29,207.05
54,9,Terza Scelta,14,53.79,24.24,11.37,89.4
55,9,Prima Scelta,7,113.38,32.23,8.54,154.15
56,1,Prima Scelta,9,196.98,15.96,17.89,230.83
57,1,Terza Scelta,9,154.05,29.57,29.32,212.94
58,3,Terza Scelta,5,76.56,33.06,26.76,136.38
59,4,Terza Scelta,14,110.16,11.39,19.6,141.15
60,6,Terza Scelta,5,65.06,22.96,8.07,96.09
61,3,Seconda Scelta,15,131.59,22.9,10.21,164.7
62,7,Terza Scelta,13,112.62,46.83,29.17,188.62
63,7,Terza Scelta,11,104.1,22.14,18.98,145.22
64,4,Prima Scelta,14,148.55,26.36,25.03,199.94
65,8,Terza Scelta,12,85.23,32.07,5.7,123.0
66,3,Seconda Scelta,7,129.92,38.26,6.73,174.91
67,10,Prima Scelta,11,161.86,18.44,7.89,188.19
68,5,Seconda Scelta,7,91.95,19.01,27.29,138.25
69,5,Seconda Scelta,13,173.08,34.79,24.17,232.04
70,8,Prima Scelta,11,94.84,11.04,17.92,123.8
71,1,Seconda Scelta,6,170.33,44.14,7.16,221.63
72,5,Seconda Scelta,8,59.42,30.09,14.94,104.45
73,10,Terza Scelta,8,149.6,36.03,5.25,190.88
74,8,Seconda Scelta,7,192.1,43.9,9.22,245.22
75,4,Seconda Scelta,5,96.08,32.2,13.01,141.29
76,4,Prima Scelta,9,153.79,12.09,11.14,177.02
77,4,Terza Scelta,12,196.14,23.38,21.94,241.46
78,10,Prima Scelta,11,98.14,37.77,11.04,146.95
79,7,Terza Scelta,13,175.36,45.19,13.99,234.54
80,1,Seconda Scelta,8,123.78,13.52,25.33,162.63
81,4,Prima Scelta,7,74.4,45.67,29.03,149.1
82,3,Prima Scelta,10,149.35,15.72,15.86,180.93
83,4,Prima Scelta,13,138.6,13.37,16.32,168.29
84,9,Terza Scelta,11,165.71,49.03,11.82,226.56
85,4,Seconda Scelta,10,54.91,15.41,8.46,78.78
86,3,Seconda Scelta,14,155.89,41.55,8.95,206.39
87,10,Seconda Scelta,9,185.16,19.87,21.34,226.37
88,3,Prima Scelta,5,129.44,37.22,8.72,175.38
89,2,Seconda Scelta,10,134.8,45.89,17.83,198.52
90,1,Seconda Scelta,8,103.58,39.36,10.21,153.15
91,1,Seconda Scelta,6,78.64,49.04,27.56,155.24
92,10,Seconda Scelta,12,87.89,32.86,13.84,134.59
93,6,Seconda Scelta,15,104.85,28.23,24.41,157.49
94,6,Seconda Scelta,8,83.79,17.76,7.49,109.04
95,10,Terza Scelta,7,166.72,33.5,19.65,219.87
96,3,Terza Scelta,9,172.93,10.57,17.34,200.84
97,10,Terza Scelta,12,104.41,35.1,16.9,156.41
98,8,Terza Scelta,6,114.5,14.11,14.1,142.71
99,2,Prima Scelta,9,137.3,41.71,10.15,189.16
100,3,Seconda Scelta,11,194.58,26.82,14.71,236.11
101,9,Seconda Scelta,5,198.1,38.76,18.9,255.76
102,10,Terza Scelta,14,94.94,13.26,10.61,118.81
103,3,Seconda Scelta,6,181.16,36.92,17.76,235.84
104,1,Prima Scelta,9,181.09,34.11,8.73,223.93
105,8,Terza Scelta,6,100.36,37.55,15.59,153.5
106,5,Prima Scelta,10,198.57,38.52,23.83,260.92
107,7,Terza Scelta,12,88.48,20.37,27.61,136.46
108,2,Terza Scelta,14,157.3,22.53,26.72,206.55
109,4,Prima Scelta,9,154.63,30.05,25.89,210.57
110,5,Prima Scelta,7,92.72,39.97,9.4,142.09
111,5,Terza Scelta,8,176.26,13.92,24.95,215.13
112,2,Terza Scelta,12,55.24,37.1,9.08,101.42
113,2,Terza Scelta,13,135.05,20.96,18.7,174.71
114,9,Seconda Scelta,5,116.49,42.17,19.73,178.39
115,5,Terza Scelta,14,154.16,32.99,24.79,211.94
116,7,Prima Scelta,5,74.49,25.73,13.98,114.2
117,8,Seconda Scelta,13,100.6,44.53,6.46,151.59
118,7,Prima Scelta,11,193.9,25.12,11.82,230.84
119,1,Seconda Scelta,10,128.51,29.92,6.49,164.92
120,5,Terza Scelta,5,125.75,39.44,13.45,178.64
121,7,Terza Scelta,11,172.73,45.09,24.96,242.78
122,9,Seconda Scelta,15,187.52,38.23,12.28,238.03
123,7,Prima Scelta,5,127.21,39.19,13.85,180.25
124,5,Prima Scelta,15,69.45,15.77,18.4,103.62
125,7,Seconda Scelta,15,124.31,33.72,16.24,174.27
126,3,Prima Scelta,13,114.0,25.41,11.77,151.18
127,3,Prima Scelta,5,84.45,18.12,13.26,115.83
128,6,Terza Scelta,5,77.68,38.84,12.36,128.88
129,3,Seconda Scelta,13,83.57,33.97,27.3,144.84
130,4,Prima Scelta,7,111.27,24.77,16.5,152.54
131,8,Terza Scelta,12,120.48,13.05,21.43,154.96
132,8,Seconda Scelta,14,143.36,21.72,13.05,178.13
133,4,Seconda Scelta,10,92.78,46.96,12.39,152.13
134,2,Prima Scelta,10,94.4,44.84,26.7,165.94
135,1,Prima Scelta,11,112.84,26.85,25.81,165.5
136,9,Prima Scelta,12,83.41,18.78,20.88,123.07
137,2,Terza Scelta,13,86.19,37.87,20.14,144.2
138,4,Prima Scelta,10,75.11,16.23,28.11,119.45
139,5,Seconda Scelta,13,196.06,32.43,8.08,236.57
140,6,Terza Scelta,10,93.81,49.4,7.39,150.6
141,7,Seconda Scelta,14,167.16,46.96,6.79,220.91
142,4,Seconda Scelta,9,175.06,13.73,25.12,213.91
143,2,Seconda Scelta,11,84.37,15.05,7.19,106.61
144,3,Seconda Scelta,12,109.12,18.58,21.52,149.22
145,1,Terza Scelta,13,87.28,11.8,15.94,115.02
146,6,Terza Scelta,14,182.2,11.35,15.24,208.79
147,1,Seconda Scelta,13,91.55,35.45,28.7,155.7
148,4,Prima Scelta,15,142.89,44.16,8.86,195.91
149,8,Seconda Scelta,15,97.38,15.59,6.74,119.71
150,5,Seconda Scelta,14,143.15,12.24,28.43,183.82
151,7,Seconda Scelta,14,64.05,47.48,20.03,131.56
152,3,Prima Scelta,9,97.11,44.13,11.39,152.63
153,7,Terza Scelta,9,105.1,39.52,27.48,172.1
154,8,Prima Scelta,10,177.03,34.8,10.41,222.24
155,8,Terza Scelta,10,100.41,36.81,18.79,156.01
156,7,Seconda Scelta,13,184.62,19.23,21.41,225.26
157,7,Terza Scelta,15,105.45,31.67,17.07,154.19
158,10,Seconda Scelta,8,64.15,10.48,28.43,103.06
159,3,Seconda Scelta,10,181.38,47.32,28.41,257.11
160,4,Seconda Scelta,12,93.68,41.11,5.46,140.25
161,6,Prima Scelta,5,176.88,28.9,18.45,224.23
162,9,Prima Scelta,12,79.77,31.19,14.78,125.74
163,5,Seconda Scelta,13,99.96,31.38,14.28,145.62
164,9,Prima Scelta,7,106.84,12.96,26.46,146.26
165,3,Terza Scelta,14,94.08,38.98,28.19,161.25
166,10,Prima Scelta,7,193.91,41.29,26.41,261.61
167,5,Seconda Scelta,7,126.57,49.2,13.06,188.83
168,9,Prima Scelta,8,192.11,11.96,19.0,223.07
169,9,Prima Scelta,9,86.99,39.39,16.39,142.77
170,4,Terza Scelta,14,106.34,18.34,28.51,153.19
171,3,Prima Scelta,15,77.93,16.25,5.02,99.2
172,6,Seconda Scelta,8,145.47,36.73,7.48,189.68
173,5,Seconda Scelta,15,109.19,38.81,8.32,156.32
174,1,Terza Scelta,15,88.31,36.38,25.03,149.72
175,2,Seconda Scelta,5,165.41,27.57,26.92,219.9
176,9,Prima Scelta,9,114.65,23.43,24.56,162.64
177,6,Prima Scelta,13,136.58,13.2,25.23,175.01
178,3,Seconda Scelta,15,92.39,45.75,19.85,157.99
179,7,Seconda Scelta,11,173.89,49.72,23.39,247.0
180,8,Prima Scelta,11,127.13,42.29,8.68,178.1
181,5,Seconda Scelta,13,167.54,29.53,29.36,226.43
182,7,Seconda Scelta,7,118.73,25.13,11.49,155.35
183,3,Terza Scelta,15,147.15,23.42,10.16,180.73
184,5,Terza Scelta,11,192.76,36.08,21.02,249.86
185,9,Prima Scelta,9,106.54,30.44,25.09,162.07
186,5,Terza Scelta,15,54.46,45.65,15.1,115.21
187,5,Terza Scelta,9,154.16,39.86,12.91,206.93
188,10,Terza Scelta,8,178.73,48.24,17.8,244.77
189,10,Seconda Scelta,15,89.04,19.54,12.11,120.69
190,3,Seconda Scelta,7,126.33,34.63,24.59,185.55
191,2,Prima Scelta,13,53.9,32.96,15.84,102.7
192,5,Terza Scelta,9,165.23,38.0,20.35,223.58
193,8,Prima Scelta,12,125.23,20.36,18.59,164.18
194,1,Prima Scelta,14,91.63,41.27,17.75,150.65
195,8,Prima Scelta,15,135.03,48.87,24.03,207.93
196,9,Terza Scelta,15,121.53,34.12,9.73,165.38
197,9,Terza Scelta,9,85.57,30.56,14.08,130.21
198,8,Terza Scelta,6,181.37,18.0,16.63,216.0
199,5,Terza Scelta,8,115.06,25.26,24.91,165.23
200,7,Prima Scelta,13,119.33,44.64,27.16,191.13
201,7,Seconda Scelta,14,112.72,12.29,12.31,137.32
202,6,Seconda Scelta,10,187.88,31.86,29.73,249.47
203,8,Terza Scelta,15,139.74,40.58,5.67,185.99
204,6,Terza Scelta,5,82.67,37.77,9.81,130.25
205,8,Prima Scelta,6,127.21,19.68,6.48,153.37
206,10,Prima Scelta,10,70.43,23.49,19.98,113.9
207,10,Terza Scelta,15,120.69,41.63,10.22,172.54
208,10,Prima Scelta,10,93.24,34.62,7.06,134.92
209,10,Terza Scelta,15,78.71,48.34,20.26,147.31
210,1,Prima Scelta,11,160.29,15.62,7.85,183.76
211,1,Terza Scelta,6,167.16,47.93,8.0,223.09
212,4,Prima Scelta,11,51.02,23.43,25.71,100.16
213,7,Prima Scelta,14,117.51,32.3,10.77,160.58
214,3,Seconda Scelta,9,178.19,36.42,21.54,236.15
215,9,Prima Scelta,5,126.71,27.73,18.28,172.72
216,9,Terza Scelta,6,58.11,31.89,5.87,95.87
217,2,Prima Scelta,5,146.23,27.65,6.84,180.72
218,10,Terza Scelta,12,85.0,21.25,8.6,114.85
219,9,Prima Scelta,5,119.72,17.82,18.99,156.53
220,4,Terza Scelta,6,114.95,42.27,29.96,187.18
221,4,Prima Scelta,10,145.02,41.64,22.96,209.62
222,1,Seconda Scelta,14,106.15,37.44,6.31,149.9
223,10,Prima Scelta,8,140.05,31.53,16.75,188.33
224,3,Prima Scelta,13,122.28,41.43,17.15,180.86
225,8,Terza Scelta,11,105.45,22.46,27.5,155.41
226,3,Prima Scelta,14,50.53,44.91,5.97,101.41
227,4,Seconda Scelta,5,148.74,24.39,23.44,196.57
228,9,Prima Scelta,13,182.58,25.81,14.88,223.27
229,10,Terza Scelta,7,162.84,42.79,26.1,231.73
230,3,Seconda Scelta,15,162.44,49.95,24.24,236.63
231,7,Seconda Scelta,7,140.35,44.56,20.4,205.31
232,6,Terza Scelta,9,103.62,47.18,29.32,180.12
233,6,Terza Scelta,14,180.05,31.56,8.8,220.41
234,3,Prima Scelta,11,115.87,39.53,18.89,174.29
235,1,Terza Scelta,12,74.85,30.13,26.41,131.39
236,2,Terza Scelta,13,73.2,49.74,13.58,136.52
237,2,Prima Scelta,15,114.26,44.4,22.93,181.59
238,8,Prima Scelta,6,196.16,45.31,17.5,258.97
239,9,Prima Scelta,7,99.42,27.69,19.85,146.96
240,1,Seconda Scelta,10,184.37,41.52,17.52,243.41
241,9,Terza Scelta,10,191.51,49.15,25.96,266.62
242,4,Terza Scelta,10,185.38,40.23,29.36,254.97
243,5,Seconda Scelta,15,97.71,36.39,8.9,143.0
244,7,Prima Scelta,6,124.8,37.13,29.96,191.89
245,7,Prima Scelta,12,160.38,35.59,10.86,206.83
246,8,Prima Scelta,6,116.33,14.01,5.69,136.03
247,5,Seconda Scelta,14,190.87,19.55,10.54,220.96
248,4,Prima Scelta,13,122.96,15.49,22.54,160.99
249,4,Prima Scelta,7,193.03,44.05,26.72,263.8
250,8,Seconda Scelta,10,64.77,27.28,17.73,109.78
251,9,Seconda Scelta,6,81.22,28.71,17.32,127.25
252,1,Terza Scelta,12,179.68,13.19,6.93,199.8
253,7,Prima Scelta,13,172.06,23.18,9.09,204.33
254,9,Seconda Scelta,15,132.21,18.63,20.9,171.74
255,8,Prima Scelta,14,72.77,22.85,5.81,101.43
256,3,Prima Scelta,15,141.2,11.88,6.41,159.49
257,9,Terza Scelta,5,77.9,32.48,29.0,139.38
258,6,Prima Scelta,5,102.43,22.53,15.19,140.15
259,8,Seconda Scelta,15,87.09,47.17,21.22,155.48
260,3,Terza Scelta,14,110.97,15.87,5.59,132.43
261,8,Prima Scelta,11,72.03,30.06,20.77,122.86
262,7,Seconda Scelta,12,165.29,12.11,8.8,186.2
263,4,Terza Scelta,15,134.44,22.81,20.44,177.69
264,9,Prima Scelta,15,78.22,32.15,25.15,135.52
265,8,Terza Scelta,6,53.56,48.43,17.36,119.35
266,10,Prima Scelta,9,132.62,26.49,27.72,186.83
267,8,Prima Scelta,8,115.6,13.09,12.77,141.46
268,9,Prima Scelta,5,143.72,29.99,5.81,179.52
269,4,Seconda Scelta,6,155.27,29.03,5.33,189.63
270,9,Prima Scelta,11,78.61,29.49,21.88,129.98
271,6,Terza Scelta,9,51.51,48.15,15.48,115.14
272,9,Prima Scelta,15,90.77,47.67,11.95,150.39
273,3,Seconda Scelta,11,163.17,45.53,20.08,228.78
274,1,Seconda Scelta,11,142.18,29.88,11.69,183.75
275,3,Terza Scelta,8,150.13,43.6,20.56,214.29
276,5,Seconda Scelta,10,110.49,27.91,17.98,156.38
277,9,Terza Scelta,12,74.96,34.0,16.87,125.83
278,1,Prima Scelta,11,160.99,10.18,25.53,196.7
279,5,Seconda Scelta,14,50.7,39.57,20.5,110.77
280,5,Prima Scelta,9,121.11,40.52,5.07,166.7
281,6,Prima Scelta,14,98.6,13.88,7.58,120.06
282,3,Prima Scelta,5,141.97,35.0,26.61,203.58
283,8,Seconda Scelta,15,85.44,13.3,18.33,117.07
284,3,Seconda Scelta,5,199.63,25.74,9.94,235.31
285,1,Terza Scelta,10,147.22,45.76,19.76,212.74
286,8,Terza Scelta,15,63.63,42.3,16.37,122.3
287,2,Terza Scelta,12,82.49,35.46,7.15,125.1
288,5,Prima Scelta,14,155.67,17.95,22.61,196.23
289,5,Seconda Scelta,11,109.54,12.29,21.78,143.61
290,9,Seconda Scelta,6,96.8,30.54,20.59,147.93
291,10,Prima Scelta,13,193.0,13.56,19.64,226.2
292,4,Seconda Scelta,13,55.1,47.93,23.48,126.51
293,5,Seconda Scelta,12,51.8,21.71,18.51,92.02
294,10,Seconda Scelta,9,119.03,39.33,7.34,165.7
295,3,Seconda Scelta,14,186.49,35.22,16.75,238.46
296,10,Seconda Scelta,11,91.99,14.46,9.81,116.26
297,7,Seconda Scelta,15,154.85,24.7,24.45,204.0
298,7,Seconda Scelta,13,52.35,35.35,24.26,111.96
299,3,Prima Scelta,6,136.76,39.93,15.81,192.5
300,10,Prima Scelta,7,61.47,49.77,18.37,129.61
301,8,Seconda Scelta,9,78.0,15.79,7.59,101.38
302,2,Prima Scelta,14,63.33,35.46,10.98,109.77
303,4,Terza Scelta,8,158.5,14.02,20.86,193.38
304,7,Terza Scelta,14,170.83,23.08,8.92,202.83
305,8,Terza Scelta,11,160.71,45.39,14.59,220.69
306,5,Seconda Scelta,7,51.45,40.34,16.53,108.32
307,8,Prima Scelta,14,54.0,25.47,8.43,87.9
308,6,Terza Scelta,6,185.38,13.76,18.99,218.13
309,5,Seconda Scelta,15,118.51,38.72,17.71,174.94
310,7,Terza Scelta,6,127.01,44.1,26.46,197.57
311,1,Prima Scelta,13,86.09,18.6,6.03,110.72
312,8,Terza Scelta,13,99.75,30.3,9.54,139.59
313,3,Seconda Scelta,8,107.58,45.94,27.59,181.11
314,4,Seconda Scelta,8,117.87,24.06,25.47,167.4
315,4,Prima Scelta,14,75.49,42.08,12.98,130.55
316,6,Prima Scelta,14,100.2,43.45,18.58,162.23
317,2,Seconda Scelta,9,162.15,20.12,26.67,208.94
318,1,Seconda Scelta,5,133.4,42.62,10.03,186.05
319,8,Seconda Scelta,9,183.92,35.3,22.75,241.97
320,7,Prima Scelta,7,140.14,39.97,5.0,185.11
321,4,Terza Scelta,12,101.4,26.99,13.9,142.29
322,3,Terza Scelta,7,141.47,39.57,9.15,190.19
323,9,Prima Scelta,11,84.25,39.13,29.89,153.27
324,1,Prima Scelta,9,100.58,28.29,10.3,139.17
325,1,Terza Scelta,7,97.31,43.31,13.92,154.54
326,1,Seconda Scelta,14,67.93,42.07,17.81,127.81
327,10,Terza Scelta,7,175.73,27.0,28.18,230.91
328,7,Prima Scelta,11,157.73,21.66,16.46,195.85
329,4,Prima Scelta,5,179.26,43.85,17.85,240.96
330,5,Terza Scelta,8,119.38,46.36,15.26,181.0
331,5,Prima Scelta,15,102.16,20.33,25.26,147.75
332,1,Prima Scelta,15,132.94,29.62,25.72,188.28
333,2,Prima Scelta,10,84.96,29.79,24.46,139.21
334,9,Prima Scelta,7,145.74,31.92,8.94,186.6
335,6,Terza Scelta,6,160.43,41.16,24.73,226.32
336,8,Terza Scelta,14,129.32,27.92,26.18,183.42
337,2,Seconda Scelta,12,89.93,18.66,16.08,124.67
338,5,Prima Scelta,12,100.95,49.07,25.91,175.93
339,7,Prima Scelta,13,81.6,48.78,29.63,160.01
340,10,Seconda Scelta,14,193.51,10.35,13.45,217.31
341,4,Terza Scelta,14,184.94,40.61,27.98,253.53
342,4,Seconda Scelta,9,181.03,23.48,10.02,214.53
343,9,Seconda Scelta,10,116.18,22.49,6.58,145.25
344,2,Prima Scelta,10,88.43,14.52,18.62,121.57
345,1,Prima Scelta,14,159.1,16.63,13.02,188.75
346,5,Seconda Scelta,7,75.76,36.59,7.53,119.88
347,4,Seconda Scelta,10,126.13,46.47,20.65,193.25
348,1,Terza Scelta,6,100.03,20.09,14.66,134.78
349,7,Terza Scelta,6,60.07,35.98,18.11,114.16
350,2,Prima Scelta,15,111.9,27.59,20.4,159.89
351,5,Prima Scelta,14,129.73,30.65,6.25,166.63
352,5,Prima Scelta,15,126.55,34.16,29.92,190.63
353,8,Prima Scelta,8,154.15,29.39,6.82,190.36
354,6,Terza Scelta,10,164.88,20.82,19.1,204.8
355,1,Terza Scelta,13,87.05,45.19,16.25,148.49
356,8,Seconda Scelta,11,88.36,40.58,7.41,136.35
357,4,Seconda Scelta,10,77.52,15.41,22.24,115.17
358,2,Seconda Scelta,5,96.29,31.82,12.88,140.99
359,8,Terza Scelta,5,80.17,14.85,12.45,107.47
360,5,Terza Scelta,6,57.35,32.48,28.18,118.01
361,7,Seconda Scelta,12,68.63,20.74,18.59,107.96
362,6,Terza Scelta,7,150.43,29.8,8.88,189.11
363,9,Terza Scelta,13,176.06,42.58,27.24,245.88
364,1,Terza Scelta,13,198.2,42.71,7.46,248.37
365,1,Seconda Scelta,8,90.85,39.72,23.77,154.34
366,2,Prima Scelta,7,157.42,27.32,24.06,208.8
367,1,Prima Scelta,6,162.99,49.66,16.48,229.13
368,7,Seconda Scelta,9,186.77,21.55,17.51,225.83
369,2,Seconda Scelta,6,90.69,18.02,20.85,129.56
370,8,Seconda Scelta,6,101.12,15.16,18.05,134.33
371,8,Seconda Scelta,11,60.24,44.94,23.58,128.76
372,3,Terza Scelta,5,189.39,37.57,20.52,247.48
373,10,Seconda Scelta,6,163.5,37.16,14.2,214.86
374,6,Prima Scelta,13,199.87,39.37,16.62,255.86
375,9,Seconda Scelta,15,57.75,37.37,15.89,111.01
376,1,Seconda Scelta,14,182.76,37.5,9.03,229.29
377,3,Terza Scelta,14,174.84,22.48,27.8,225.12
378,8,Seconda Scelta,15,167.98,28.18,26.23,222.39
379,9,Terza Scelta,13,104.3,30.56,23.11,157.97
380,5,Prima Scelta,5,86.82,46.73,17.75,151.3
381,5,Seconda Scelta,14,144.88,45.96,10.89,201.73
382,9,Seconda Scelta,8,123.08,15.54,14.91,153.53
383,2,Prima Scelta,11,140.13,22.68,28.03,190.84
384,6,Terza Scelta,6,74.69,23.71,27.5,125.9
385,5,Prima Scelta,9,140.3,42.74,11.91,194.95
386,10,Seconda Scelta,12,118.95,14.19,5.71,138.85
387,10,Prima Scelta,12,87.19,39.43,14.25,140.87
388,1,Seconda Scelta,9,83.69,47.69,15.24,146.62
389,5,Terza Scelta,13,124.76,34.14,20.32,179.22
390,7,Seconda Scelta,6,166.53,28.81,13.71,209.05
391,10,Seconda Scelta,14,126.69,35.19,15.15,177.03
392,8,Terza Scelta,6,130.64,37.16,19.89,187.69
393,2,Terza Scelta,12,145.07,42.08,20.54,207.69
394,3,Prima Scelta,5,199.49,35.91,17.31,252.71
395,5,Seconda Scelta,6,167.66,36.84,23.27,227.77
396,9,Seconda Scelta,13,69.93,28.47,28.59,126.99
397,9,Prima Scelta,6,173.98,19.57,20.4,213.95
398,6,Terza Scelta,14,135.21,35.86,11.57,182.64
399,2,Terza Scelta,14,127.98,45.88,13.34,187.2
400,10,Seconda Scelta,11,110.11,41.31,16.28,167.7
401,6,Terza Scelta,15,54.84,26.84,23.21,104.89
402,2,Terza Scelta,13,93.69,20.71,27.77,142.17
403,1,Seconda Scelta,6,184.99,23.76,8.6,217.35
404,2,Prima Scelta,13,158.13,45.89,5.81,209.83
405,4,Prima Scelta,10,125.04,28.8,7.16,161.0
406,2,Seconda Scelta,15,63.76,22.36,5.98,92.1
407,4,Terza Scelta,12,73.38,39.6,28.23,141.21
408,4,Seconda Scelta,7,178.59,14.98,5.71,199.28
409,7,Prima Scelta,8,182.67,49.19,9.39,241.25
410,3,Terza Scelta,10,58.15,14.46,13.6,86.21
411,1,Seconda Scelta,15,143.82,41.36,11.53,196.71
412,1,Terza Scelta,5,121.21,21.75,7.24,150.2
413,4,Prima Scelta,8,67.68,20.24,24.16,112.08
414,2,Terza Scelta,8,146.73,21.91,6.09,174.73
415,1,Prima Scelta,7,174.98,36.24,14.83,226.05
416,7,Seconda Scelta,11,66.38,45.3,18.72,130.4
417,8,Seconda Scelta,9,118.16,34.08,15.14,167.38
418,1,Terza Scelta,11,188.01,45.08,21.22,254.31
419,5,Prima Scelta,7,181.27,18.58,25.16,225.01
420,8,Prima Scelta,8,83.43,12.14,5.57,101.14
421,4,Terza Scelta,13,182.9,40.57,8.09,231.56
422,8,Terza Scelta,6,172.96,25.61,29.62,228.19
423,1,Seconda Scelta,9,70.54,24.5,8.62,103.66
424,4,Prima Scelta,9,152.5,14.91,29.04,196.45
425,6,Seconda Scelta,12,154.22,13.17,19.08,186.47
426,8,Terza Scelta,9,65.3,36.08,7.73,109.11
427,10,Terza Scelta,6,113.66,14.85,21.48,149.99
428,4,Prima Scelta,10,146.5,37.16,5.41,189.07
429,7,Prima Scelta,7,124.38,43.47,29.12,196.97
430,5,Terza Scelta,6,78.51,19.95,5.85,104.31
431,10,Prima Scelta,11,184.89,29.42,8.11,222.42
432,5,Seconda Scelta,13,145.18,31.14,14.21,190.53
433,8,Prima Scelta,7,168.73,49.1,20.07,237.9
434,4,Seconda Scelta,10,113.34,24.54,9.4,147.28
435,1,Prima Scelta,15,180.13,32.39,17.83,230.35
436,7,Seconda Scelta,15,144.72,38.73,15.8,199.25
437,9,Terza Scelta,8,148.83,26.95,24.79,200.57
438,8,Seconda Scelta,11,103.09,33.44,15.47,152.0
439,8,Prima Scelta,8,65.84,31.33,11.45,108.62
440,6,Prima Scelta,6,154.1,32.67,10.9,197.67
441,3,Seconda Scelta,14,191.42,30.52,27.05,248.99
442,9,Prima Scelta,10,141.95,49.41,25.71,217.07
443,8,Seconda Scelta,11,93.69,43.58,8.51,145.78
444,3,Seconda Scelta,7,159.14,37.95,9.68,206.77
445,10,Terza Scelta,7,114.33,42.27,22.99,179.59
446,7,Seconda Scelta,9,180.42,35.18,8.19,223.79
447,6,Terza Scelta,11,77.19,21.03,11.39,109.61
448,10,Terza Scelta,8,170.15,24.06,24.32,218.53
449,9,Terza Scelta,9,198.36,29.3,25.89,253.55
450,9,Prima Scelta,14,63.24,19.6,29.01,111.85
451,6,Terza Scelta,9,67.23,16.69,18.64,102.56
452,2,Terza Scelta,12,113.13,20.36,14.75,148.24
453,1,Seconda Scelta,8,196.08,47.75,13.05,256.88
454,3,Prima Scelta,15,61.83,36.56,21.8,120.19
455,2,Terza Scelta,5,80.62,29.77,28.07,138.46
456,10,Terza Scelta,14,84.14,24.42,11.06,119.62
457,8,Seconda Scelta,10,116.97,37.14,27.93,182.04
458,2,Seconda Scelta,7,185.52,39.62,29.71,254.85
459,2,Terza Scelta,9,144.89,19.17,13.35,177.41
460,1,Prima Scelta,13,108.02,44.09,25.35,177.46
461,5,Seconda Scelta,13,102.49,36.18,27.15,165.82
462,5,Seconda Scelta,6,110.9,24.79,28.76,164.45
463,6,Prima Scelta,8,137.66,13.21,17.5,168.37
464,8,Prima Scelta,11,176.12,36.46,29.9,242.48
465,5,Terza Scelta,5,117.55,31.27,18.74,167.56
466,10,Prima Scelta,10,50.51,17.72,12.7,80.93
467,1,Terza Scelta,9,158.5,18.37,29.18,206.05
468,9,Seconda Scelta,9,183.86,17.78,12.27,213.91
469,1,Seconda Scelta,6,75.69,15.38,11.46,102.53
470,8,Terza Scelta,15,90.35,10.87,15.03,116.25
471,10,Terza Scelta,14,121.0,17.07,20.65,158.72
472,6,Seconda Scelta,13,132.19,21.6,28.33,182.12
473,3,Prima Scelta,15,162.69,49.5,15.83,228.02
474,3,Terza Scelta,15,165.23,42.92,11.95,220.1
475,5,Seconda Scelta,13,195.88,23.64,15.49,235.01
476,10,Terza Scelta,5,136.42,42.04,17.27,195.73
477,4,Terza Scelta,6,68.03,28.03,13.18,109.24
478,10,Seconda Scelta,11,161.62,43.41,7.99,213.02
479,4,Prima Scelta,5,104.36,44.07,28.23,176.66
480,8,Terza Scelta,13,68.63,25.7,13.66,107.99
481,4,Terza Scelta,9,68.63,31.03,20.79,120.45
482,6,Seconda Scelta,10,170.89,29.28,9.2,209.37
483,8,Prima Scelta,6,78.02,28.95,19.85,126.82
484,6,Terza Scelta,10,98.83,14.94,13.8,127.57
485,5,Prima Scelta,5,93.67,29.53,13.09,136.29
486,1,Terza Scelta,7,194.06,26.61,12.95,233.62
487,2,Seconda Scelta,10,107.33,12.9,13.24,133.47
488,1,Terza Scelta,8,141.38,22.53,17.19,181.1
489,10,Terza Scelta,9,121.25,20.44,11.82,153.51
490,2,Prima Scelta,12,157.88,29.02,28.92,215.82
491,5,Prima Scelta,6,117.91,25.07,13.85,156.83
492,4,Prima Scelta,9,96.11,48.01,5.39,149.51
493,10,Seconda Scelta,12,185.23,12.76,9.0,206.99
494,6,Prima Scelta,10,81.44,12.08,24.42,117.94
495,5,Prima Scelta,7,70.62,23.02,8.75,102.39
496,6,Seconda Scelta,11,197.25,12.69,5.78,215.72
497,2,Terza Scelta,5,105.07,27.84,25.43,158.34
498,10,Terza Scelta,13,156.05,39.67,7.43,203.15
499,1,Terza Scelta,11,191.53,34.52,9.27,235.32
500,2,Prima Scelta,15,141.15,45.13,13.95,200.23
501,9,Terza Scelta,7,93.32,44.14,24.91,162.37
502,4,Prima Scelta,15,140.26,23.11,21.32,184.69
503,7,Prima Scelta,15,66.12,48.25,11.96,126.33
504,6,Terza Scelta,8,78.26,35.64,29.51,143.41
505,8,Prima Scelta,9,97.16,42.15,17.71,157.02
506,2,Seconda Scelta,8,186.24,24.59,16.74,227.57
507,3,Terza Scelta,11,151.4,37.37,10.55,199.32
508,9,Seconda Scelta,12,155.56,35.29,29.06,219.91
509,1,Terza Scelta,10,193.92,35.04,21.95,250.91
510,4,Seconda Scelta,7,165.93,12.27,14.6,192.8
511,7,Terza Scelta,13,101.81,11.29,21.45,134.55
512,8,Terza Scelta,7,64.08,42.95,12.17,119.2
513,7,Prima Scelta,6,78.0,13.71,17.48,109.19
514,6,Prima Scelta,6,194.14,14.73,5.27,214.14
515,1,Terza Scelta,10,131.63,13.98,24.64,170.25
516,6,Seconda Scelta,11,188.19,34.83,7.11,230.13
517,1,Terza Scelta,13,137.53,32.21,9.02,178.76
518,10,Terza Scelta,8,132.35,18.74,14.54,165.63
519,10,Seconda Scelta,6,106.63,45.82,15.33,167.78
520,7,Terza Scelta,6,107.68,10.61,21.57,139.86
521,3,Seconda Scelta,12,67.57,33.8,5.94,107.31
522,4,Terza Scelta,15,177.31,31.46,27.32,236.09
523,6,Prima Scelta,12,140.92,19.74,12.29,172.95
524,5,Seconda Scelta,13,176.17,31.03,23.49,230.69
525,7,Seconda Scelta,6,185.97,49.76,19.99,255.72
526,3,Seconda Scelta,5,124.3,21.57,9.89,155.76
527,7,Seconda Scelta,7,80.96,42.45,16.78,140.19
528,4,Seconda Scelta,15,59.03,16.04,15.26,90.33
529,9,Terza Scelta,11,137.55,41.02,6.37,184.94
530,3,Seconda Scelta,10,110.84,42.89,21.83,175.56
531,6,Prima Scelta,5,74.06,15.97,23.19,113.22
532,1,Prima Scelta,12,178.74,11.85,21.66,212.25
533,5,Seconda Scelta,7,56.32,49.49,14.34,120.15
534,5,Seconda Scelta,11,154.71,34.28,17.42,206.41
535,9,Prima Scelta,8,77.44,29.21,18.12,124.77
536,1,Terza Scelta,9,71.54,13.53,13.56,98.63
537,2,Seconda Scelta,11,54.18,23.9,13.84,91.92
538,2,Terza Scelta,12,153.84,42.53,27.61,223.98
539,3,Prima Scelta,5,52.38,21.64,15.42,89.44
540,2,Terza Scelta,7,81.25,15.39,29.61,126.25
541,7,Seconda Scelta,12,61.95,24.92,29.24,116.11
542,6,Seconda Scelta,10,132.23,20.16,22.21,174.6
543,7,Seconda Scelta,7,115.72,17.73,11.46,144.91
544,2,Seconda Scelta,15,97.81,30.2,27.43,155.44
545,6,Prima Scelta,15,59.17,48.18,29.15,136.5
546,2,Terza Scelta,7,64.21,39.38,25.54,129.13
547,4,Prima Scelta,15,197.91,14.14,6.26,218.31
548,1,Seconda Scelta,11,72.74,12.52,29.69,114.95
549,8,Terza Scelta,14,151.07,20.42,28.63,200.12
550,5,Seconda Scelta,7,192.41,22.93,16.73,232.07
551,2,Prima Scelta,10,106.41,41.62,19.63,167.66
552,4,Prima Scelta,15,92.06,12.67,25.84,130.57
553,4,Terza Scelta,5,119.21,32.58,18.34,170.13
554,3,Terza Scelta,14,93.5,36.8,16.1,146.4
555,2,Terza Scelta,15,127.85,32.28,24.19,184.32
556,10,Terza Scelta,11,95.74,44.51,19.08,159.33
557,5,Prima Scelta,9,124.87,13.02,27.38,165.27
558,8,Seconda Scelta,11,159.06,15.12,19.93,194.11
559,10,Terza Scelta,5,63.04,30.62,29.78,123.44
560,2,Prima Scelta,10,195.84,30.85,20.11,246.8
561,4,Terza Scelta,8,82.42,12.61,11.85,106.88
562,3,Prima Scelta,15,74.18,27.25,23.92,125.35
563,6,Terza Scelta,9,112.25,19.99,26.07,158.31
564,10,Prima Scelta,14,135.36,43.39,5.01,183.76
565,8,Terza Scelta,13,163.58,34.84,15.34,213.76
566,4,Prima Scelta,14,142.58,44.89,26.69,214.16
567,10,Terza Scelta,12,71.69,49.03,19.43,140.15
568,8,Prima Scelta,15,75.99,43.41,15.6,135.0
569,1,Prima Scelta,8,50.24,10.77,18.28,79.29
570,4,Terza Scelta,13,101.75,39.27,11.06,152.08
571,3,Seconda Scelta,11,177.59,10.4,19.46,207.45
572,2,Prima Scelta,8,78.75,39.06,11.91,129.72
573,2,Seconda Scelta,9,188.4,23.81,5.59,217.8
574,2,Prima Scelta,15,88.99,25.53,24.93,139.45
575,3,Terza Scelta,6,176.26,39.27,28.94,244.47
576,6,Seconda Scelta,8,191.26,23.64,18.77,233.67
577,5,Prima Scelta,9,95.6,18.75,19.11,133.46
578,3,Seconda Scelta,8,151.01,19.21,17.25,187.47
579,10,Seconda Scelta,8,122.97,34.55,11.61,169.13
580,7,Prima Scelta,9,71.25,44.94,19.89,136.08
581,7,Seconda Scelta,12,129.9,22.74,24.72,177.36
582,10,Prima Scelta,14,169.52,11.73,20.13,201.38
583,6,Prima Scelta,8,148.18,18.26,13.31,179.75
584,7,Terza Scelta,7,192.43,33.17,15.85,241.45
585,8,Prima Scelta,7,194.52,11.94,6.92,213.38
586,8,Prima Scelta,12,83.57,40.66,9.94,134.17
587,9,Seconda Scelta,8,63.25,14.89,21.42,99.56
588,8,Prima Scelta,7,137.13,15.7,10.94,163.77
589,7,Terza Scelta,14,196.08,30.95,8.11,235.14
590,10,Seconda Scelta,15,174.48,35.69,15.39,225.56
591,6,Prima Scelta,9,102.92,35.61,10.34,148.87
592,8,Terza Scelta,15,189.4,43.64,17.96,251.0
593,5,Prima Scelta,7,140.38,30.31,28.48,199.17
594,4,Seconda Scelta,9,133.06,33.93,10.78,177.77
595,3,Prima Scelta,14,54.2,24.97,18.9,98.07
596,2,Prima Scelta,7,88.01,25.34,20.31,133.66
597,6,Seconda Scelta,7,177.21,46.95,24.52,248.68
598,6,Prima Scelta,11,134.32,22.29,28.34,184.95
599,7,Seconda Scelta,10,192.19,22.94,11.86,226.99
600,8,Prima Scelta,10,160.7,22.35,5.51,188.56
601,10,Seconda Scelta,14,85.04,13.59,24.49,123.12
602,3,Prima Scelta,10,63.54,24.01,5.45,93.0
603,7,Seconda Scelta,5,169.81,13.27,18.13,201.21
604,3,Seconda Scelta,14,56.64,40.3,11.97,108.91
605,4,Seconda Scelta,13,63.79,21.95,14.95,100.69
606,8,Seconda Scelta,14,67.73,36.52,18.27,122.52
607,8,Seconda Scelta,12,103.0,11.3,7.41,121.71
608,5,Terza Scelta,6,178.36,29.82,5.66,213.84
609,2,Seconda Scelta,15,81.41,40.2,17.33,138.94
610,2,Seconda Scelta,11,195.91,23.95,13.59,233.45
611,2,Prima Scelta,15,130.67,31.74,8.29,170.7
612,5,Prima Scelta,8,168.51,48.82,19.97,237.3
613,6,Seconda Scelta,13,112.95,12.95,20.88,146.78
614,3,Prima Scelta,12,134.85,40.36,26.8,202.01
615,2,Seconda Scelta,6,80.7,44.13,13.57,138.4
616,3,Seconda Scelta,10,141.43,18.93,12.78,173.14
617,1,Seconda Scelta,10,196.3,49.8,19.52,265.62
618,5,Seconda Scelta,8,89.16,25.81,24.12,139.09
619,4,Terza Scelta,15,127.46,24.82,29.91,182.19
620,4,Prima Scelta,9,119.78,29.9,5.79,155.47
621,1,Prima Scelta,11,89.32,48.77,21.22,159.31
622,4,Prima Scelta,15,197.58,45.3,16.6,259.48
623,3,Terza Scelta,8,60.97,45.68,26.25,132.9
624,8,Terza Scelta,8,195.03,20.04,12.47,227.54
625,4,Terza Scelta,12,163.29,44.73,10.42,218.44
626,2,Terza Scelta,6,105.04,33.1,14.14,152.28
627,9,Seconda Scelta,10,94.11,29.48,9.5,133.09
628,2,Terza Scelta,10,118.81,41.82,17.03,177.66
629,7,Prima Scelta,8,67.95,49.56,23.0,140.51
630,2,Prima Scelta,13,97.47,24.87,5.31,127.65
631,4,Terza Scelta,9,178.13,24.94,12.43,215.5
632,10,Prima Scelta,13,63.28,38.66,24.08,126.02
633,9,Prima Scelta,12,172.48,17.8,16.46,206.74
634,5,Terza Scelta,8,140.71,16.85,7.27,164.83
635,2,Prima Scelta,11,91.36,35.08,14.12,140.56
636,3,Seconda Scelta,7,141.82,47.35,27.7,216.87
637,6,Prima Scelta,6,182.0,25.89,15.43,223.32
638,4,Prima Scelta,14,91.26,38.63,15.97,145.86
639,3,Prima Scelta,10,187.77,46.59,25.87,260.23
640,3,Prima Scelta,5,79.38,24.44,24.17,127.99
641,7,Seconda Scelta,9,114.37,15.79,28.08,158.24
642,1,Prima Scelta,5,50.67,16.35,20.42,87.44
643,7,Terza Scelta,11,171.04,32.41,29.27,232.72
644,6,Prima Scelta,15,119.46,15.32,18.89,153.67
645,1,Terza Scelta,6,90.17,29.68,20.5,140.35
646,10,Prima Scelta,9,154.19,48.2,10.27,212.66
647,6,Seconda Scelta,14,59.53,47.57,27.13,134.23
648,4,Prima Scelta,10,53.33,46.95,26.47,126.75
649,3,Terza Scelta,10,156.12,44.38,7.66,208.16
650,7,Prima Scelta,10,153.01,39.47,9.1,201.58
651,9,Prima Scelta,6,183.38,21.99,28.08,233.45
652,9,Prima Scelta,13,86.98,46.8,7.6,141.38
653,7,Terza Scelta,12,84.36,12.7,12.08,109.14
654,3,Prima Scelta,9,109.31,35.85,29.74,174.9
655,6,Seconda Scelta,13,135.45,24.22,6.97,166.64
656,10,Seconda Scelta,11,95.5,10.28,16.15,121.93
657,1,Seconda Scelta,8,97.25,39.69,20.44,157.38
658,6,Terza Scelta,13,166.28,36.23,12.85,215.36
659,1,Seconda Scelta,5,130.05,15.95,21.5,167.5
660,9,Prima Scelta,9,79.85,41.27,12.45,133.57
661,2,Prima Scelta,7,139.31,26.01,25.54,190.86
662,8,Seconda Scelta,15,131.05,29.22,10.21,170.48
663,9,Terza Scelta,14,76.87,40.28,18.76,135.91
664,10,Terza Scelta,15,115.2,30.75,23.19,169.14
665,10,Terza Scelta,12,175.85,22.56,21.13,219.54
666,7,Prima Scelta,10,78.08,34.88,13.58,126.54
667,4,Terza Scelta,9,60.66,17.24,9.09,86.99
668,6,Seconda Scelta,6,118.63,18.43,10.31,147.37
669,4,Seconda Scelta,5,84.1,13.32,21.42,118.84
670,4,Terza Scelta,14,138.75,13.78,25.19,177.72
671,9,Prima Scelta,6,100.78,37.73,13.82,152.33
672,6,Terza Scelta,8,163.65,13.99,10.19,187.83
673,8,Seconda Scelta,7,56.97,26.76,17.05,100.78
674,3,Seconda Scelta,6,86.38,23.43,20.54,130.35
675,10,Terza Scelta,8,190.85,33.34,11.87,236.06
676,6,Seconda Scelta,6,77.49,31.44,8.58,117.51
677,7,Prima Scelta,13,62.73,47.51,5.49,115.73
678,6,Terza Scelta,7,113.36,37.09,25.87,176.32
679,8,Prima Scelta,7,159.27,33.78,28.48,221.53
680,6,Terza Scelta,11,113.86,26.44,7.5,147.8
681,1,Prima Scelta,7,136.74,26.13,18.35,181.22
682,10,Terza Scelta,15,148.69,22.1,25.19,195.98
683,10,Prima Scelta,15,191.32,45.87,23.22,260.41
684,7,Prima Scelta,9,193.15,28.61,27.93,249.69
685,9,Seconda Scelta,10,153.53,21.63,8.45,183.61
686,4,Seconda Scelta,10,65.87,24.88,5.31,96.06
687,8,Seconda Scelta,13,108.5,42.19,29.57,180.26
688,8,Terza Scelta,15,125.95,35.9,27.57,189.42
689,8,Prima Scelta,7,112.36,32.07,13.85,158.28
690,7,Prima Scelta,15,154.17,38.56,5.05,197.78
691,1,Seconda Scelta,7,105.21,10.43,11.98,127.62
692,9,Terza Scelta,5,166.71,16.57,12.21,195.49
693,10,Terza Scelta,7,123.58,36.33,27.12,187.03
694,3,Seconda Scelta,5,151.23,24.48,19.09,194.8
695,6,Terza Scelta,5,191.91,29.52,5.13,226.56
696,9,Prima Scelta,7,75.82,14.55,7.14,97.51
697,7,Terza Scelta,7,94.97,11.19,15.91,122.07
698,2,Prima Scelta,7,63.23,46.15,24.87,134.25
699,4,Terza Scelta,8,191.59,37.49,25.65,254.73
700,9,Terza Scelta,9,50.9,48.99,12.01,111.9
701,6,Terza Scelta,13,103.37,15.93,26.62,145.92
702,8,Seconda Scelta,9,96.49,11.99,14.87,123.35
703,6,Seconda Scelta,11,97.7,21.79,17.67,137.16
704,3,Seconda Scelta,10,142.0,31.77,28.01,201.78
705,6,Terza Scelta,7,164.46,23.63,21.96,210.05
706,9,Prima Scelta,8,107.48,11.82,14.41,133.71
707,8,Prima Scelta,12,188.25,32.95,11.65,232.85
708,3,Terza Scelta,6,95.99,36.63,22.48,155.1
709,10,Prima Scelta,11,187.34,44.71,20.83,252.88
710,1,Terza Scelta,11,142.25,45.0,24.04,211.29
711,3,Terza Scelta,12,69.0,35.65,29.93,134.58
712,10,Prima Scelta,9,168.08,19.01,5.78,192.87
713,1,Prima Scelta,8,155.76,29.98,5.46,191.2
714,5,Prima Scelta,11,121.16,34.66,11.26,167.08
715,7,Seconda Scelta,6,52.74,16.24,25.22,94.2
716,6,Seconda Scelta,9,50.63,39.25,18.96,108.84
717,1,Terza Scelta,7,83.06,16.89,16.94,116.89
718,6,Prima Scelta,5,164.13,31.45,26.93,222.51
719,2,Terza Scelta,6,104.53,12.31,9.97,126.81
720,4,Terza Scelta,6,93.73,38.19,26.8,158.72
721,9,Prima Scelta,9,170.55,17.15,13.96,201.66
722,2,Prima Scelta,13,141.17,49.32,10.73,201.22
723,3,Terza Scelta,11,140.76,41.7,5.18,187.64
724,2,Seconda Scelta,10,178.31,44.7,15.45,238.46
725,1,Prima Scelta,7,53.59,48.12,9.91,111.62
726,9,Terza Scelta,5,147.45,33.2,10.41,191.06
727,9,Prima Scelta,14,78.22,14.14,12.49,104.85
728,10,Prima Scelta,6,158.9,24.48,12.48,195.86
729,2,Seconda Scelta,12,188.96,24.18,18.84,231.98
730,3,Seconda Scelta,12,161.2,41.5,22.44,225.14
731,1,Terza Scelta,9,94.77,13.0,12.65,120.42
732,10,Prima Scelta,10,105.85,12.53,28.26,146.64
733,7,Terza Scelta,7,105.17,30.84,7.73,143.74
734,5,Prima Scelta,15,168.06,47.48,5.38,220.92
735,6,Prima Scelta,9,66.69,18.69,24.65,110.03
736,3,Prima Scelta,9,168.3,18.59,29.65,216.54
737,6,Seconda Scelta,14,149.6,47.95,17.16,214.71
738,3,Terza Scelta,11,146.17,15.92,28.14,190.23
739,3,Prima Scelta,10,138.06,39.61,18.63,196.3
740,7,Prima Scelta,7,93.94,28.32,26.62,148.88
741,3,Prima Scelta,15,99.11,18.88,28.76,146.75
742,10,Prima Scelta,14,191.45,26.53,18.82,236.8
743,9,Seconda Scelta,14,140.31,33.17,27.89,201.37
744,7,Seconda Scelta,15,140.76,21.19,12.65,174.6
745,4,Prima Scelta,13,154.83,14.62,11.93,181.38
746,2,Seconda Scelta,11,61.13,48.69,8.18,118.0
747,3,Seconda Scelta,6,154.48,47.73,6.59,208.8
748,3,Seconda Scelta,10,75.46,23.11,14.87,113.44
749,4,Seconda Scelta,9,164.31,41.4,18.04,223.75
750,2,Prima Scelta,13,104.51,21.83,14.54,140.88
751,6,Prima Scelta,12,134.28,35.14,13.87,183.29
752,5,Prima Scelta,6,167.14,21.62,21.27,210.03
753,10,Seconda Scelta,11,53.77,16.23,11.01,81.01
754,1,Seconda Scelta,5,145.28,13.91,29.61,188.8
755,4,Terza Scelta,13,140.06,34.42,29.46,203.94
756,1,Terza Scelta,8,187.36,47.09,27.95,262.4
757,2,Prima Scelta,8,135.47,45.29,26.42,207.18
758,2,Terza Scelta,13,146.8,23.47,27.69,197.96
759,2,Terza Scelta,6,81.99,40.46,16.87,139.32
760,6,Terza Scelta,10,182.74,17.84,12.89,213.47
761,8,Terza Scelta,10,66.87,10.18,19.99,97.04
762,8,Prima Scelta,7,113.48,30.74,21.44,165.66
763,1,Seconda Scelta,12,96.2,38.37,29.86,164.43
764,8,Terza Scelta,10,162.78,28.42,17.5,208.7
765,2,Seconda Scelta,10,177.07,18.23,26.32,221.62
766,10,Prima Scelta,12,160.8,39.46,25.22,225.48
767,2,Terza Scelta,12,138.57,42.54,5.88,186.99
768,10,Terza Scelta,12,133.39,40.46,13.87,187.72
769,5,Seconda Scelta,15,80.05,24.91,27.23,132.19
770,6,Terza Scelta,15,128.93,33.77,20.34,183.04
771,4,Prima Scelta,6,182.78,19.55,9.62,211.95
772,5,Prima Scelta,6,70.22,36.78,7.15,114.15
773,8,Seconda Scelta,10,107.32,17.19,22.83,147.34
774,8,Terza Scelta,7,101.47,45.7,23.09,170.26
775,5,Seconda Scelta,6,91.92,10.19,18.4,120.51
776,3,Prima Scelta,7,138.7,37.18,6.18,182.06
777,3,Terza Scelta,11,142.77,29.48,25.45,197.7
778,10,Prima Scelta,10,125.93,22.87,19.19,167.99
779,6,Seconda Scelta,11,145.54,15.08,5.8,166.42
780,10,Seconda Scelta,15,181.71,26.47,7.21,215.39
781,1,Seconda Scelta,10,170.01,24.93,18.72,213.66
782,6,Terza Scelta,5,180.83,34.37,10.49,225.69
783,10,Seconda Scelta,6,74.38,19.09,24.19,117.66
784,8,Seconda Scelta,11,159.81,46.56,17.71,224.08
785,9,Terza Scelta,14,59.48,15.53,29.87,104.88
786,9,Seconda Scelta,5,138.3,33.23,24.73,196.26
787,2,Seconda Scelta,8,199.25,20.49,8.92,228.66
788,10,Prima Scelta,6,149.74,11.46,12.22,173.42
789,10,Seconda Scelta,11,174.74,41.99,16.39,233.12
790,5,Terza Scelta,8,90.61,17.69,27.55,135.85
791,1,Seconda Scelta,6,110.83,29.39,26.85,167.07
792,1,Seconda Scelta,7,83.24,23.52,6.89,113.65
793,8,Prima Scelta,10,84.25,12.38,19.81,116.44
794,1,Terza Scelta,11,114.08,25.41,20.39,159.88
795,7,Terza Scelta,7,96.38,30.33,5.71,132.42
796,5,Prima Scelta,8,112.15,33.63,29.35,175.13
797,7,Seconda Scelta,12,198.81,12.77,20.51,232.09
798,9,Terza Scelta,14,68.49,49.11,27.23,144.83
799,5,Terza Scelta,8,67.04,36.64,13.66,117.34
800,7,Seconda Scelta,8,147.46,15.54,29.72,192.72
801,10,Terza Scelta,7,55.85,33.47,8.36,97.68
802,5,Seconda Scelta,6,125.29,10.32,16.9,152.51
803,1,Prima Scelta,13,167.29,16.96,29.32,213.57
804,7,Seconda Scelta,12,95.72,24.61,21.4,141.73
805,1,Terza Scelta,12,179.24,34.89,27.18,241.31
806,10,Seconda Scelta,10,80.69,46.4,7.38,134.47
807,2,Terza Scelta,13,128.39,45.93,16.23,190.55
808,4,Seconda Scelta,9,178.27,15.02,27.67,220.96
809,5,Terza Scelta,10,95.69,11.5,24.48,131.67
810,5,Seconda Scelta,12,91.05,49.55,18.86,159.46
811,4,Prima Scelta,8,130.79,23.61,16.78,171.18
812,1,Terza Scelta,8,75.99,15.37,11.84,103.2
813,5,Seconda Scelta,7,134.28,12.98,11.77,159.03
814,4,Prima Scelta,6,130.78,23.93,25.01,179.72
815,5,Seconda Scelta,5,170.77,18.91,11.44,201.12
816,2,Prima Scelta,15,86.72,33.95,10.07,130.74
817,9,Terza Scelta,8,79.35,18.47,23.92,121.74
818,1,Seconda Scelta,11,95.51,31.0,27.21,153.72
819,3,Seconda Scelta,8,76.12,41.86,28.97,146.95
820,4,Terza Scelta,5,166.17,16.59,24.28,207.04
821,3,Terza Scelta,10,177.37,24.33,18.2,219.9
822,10,Seconda Scelta,13,174.2,12.94,5.05,192.19
823,9,Terza Scelta,15,138.7,20.84,10.32,169.86
824,2,Terza Scelta,12,87.29,13.51,11.3,112.1
825,6,Terza Scelta,11,193.41,26.82,29.58,249.81
826,1,Prima Scelta,14,182.91,47.93,25.19,256.03
827,8,Prima Scelta,8,145.89,14.12,14.76,174.77
828,3,Seconda Scelta,9,50.26,47.72,12.42,110.4
829,7,Prima Scelta,13,197.53,15.3,22.63,235.46
830,8,Seconda Scelta,14,97.67,14.59,20.0,132.26
831,10,Terza Scelta,5,121.58,49.3,5.84,176.72
832,5,Seconda Scelta,5,115.67,10.4,6.8,132.87
833,3,Seconda Scelta,13,106.5,34.69,24.09,165.28
834,6,Terza Scelta,10,167.54,20.63,8.85,197.02
835,1,Terza Scelta,15,147.45,21.78,16.27,185.5
836,4,Terza Scelta,13,184.83,35.86,21.61,242.3
837,7,Prima Scelta,8,52.0,33.81,19.12,104.93
838,10,Prima Scelta,14,149.9,23.33,25.56,198.79
839,5,Terza Scelta,8,129.22,10.49,8.05,147.76
840,4,Prima Scelta,7,112.1,22.04,22.49,156.63
841,1,Seconda Scelta,7,83.22,29.32,20.71,133.25
842,3,Prima Scelta,12,132.32,47.73,14.4,194.45
843,3,Prima Scelta,7,67.64,48.31,8.97,124.92
844,5,Seconda Scelta,11,141.56,43.75,17.7,203.01
845,1,Terza Scelta,12,148.79,15.29,15.2,179.28
846,4,Prima Scelta,15,195.29,28.83,6.17,230.29
847,10,Prima Scelta,5,68.19,26.09,11.69,105.97
848,6,Prima Scelta,15,144.06,31.55,14.05,189.66
849,6,Prima Scelta,9,185.04,28.41,25.57,239.02
850,1,Prima Scelta,6,131.21,12.97,10.22,154.4
851,2,Seconda Scelta,7,51.77,20.66,5.36,77.79
852,7,Terza Scelta,12,121.62,20.09,13.02,154.73
853,6,Seconda Scelta,14,81.29,37.41,19.51,138.21
854,2,Prima Scelta,9,190.71,29.87,20.11,240.69
855,9,Prima Scelta,13,114.42,46.01,19.17,179.6
856,4,Prima Scelta,5,118.66,39.82,18.74,177.22
857,8,Terza Scelta,9,173.51,44.49,5.68,223.68
858,10,Terza Scelta,12,178.69,43.59,12.12,234.4
859,2,Terza Scelta,5,66.82,48.84,21.8,137.46
860,5,Seconda Scelta,9,110.43,17.5,10.28,138.21
861,1,Seconda Scelta,6,111.63,38.43,16.04,166.1
862,1,Terza Scelta,7,89.13,14.45,28.78,132.36
863,4,Seconda Scelta,12,135.25,36.27,26.47,197.99
864,6,Prima Scelta,12,178.25,17.52,5.89,201.66
865,10,Seconda Scelta,7,143.46,48.76,6.81,199.03
866,4,Prima Scelta,12,175.48,34.63,19.36,229.47
867,1,Seconda Scelta,8,121.1,23.8,15.56,160.46
868,6,Prima Scelta,5,51.34,34.52,28.61,114.47
869,8,Terza Scelta,14,172.75,12.28,19.99,205.02
870,8,Seconda Scelta,9,56.37,44.77,28.3,129.44
871,8,Prima Scelta,8,126.44,19.02,13.19,158.65
872,9,Seconda Scelta,10,52.11,20.07,23.75,95.93
873,3,Terza Scelta,5,113.5,48.65,27.67,189.82
874,5,Prima Scelta,15,145.04,39.99,15.42,200.45
875,3,Prima Scelta,9,119.03,41.53,16.29,176.85
876,5,Terza Scelta,12,122.38,44.46,26.23,193.07
877,4,Prima Scelta,5,186.24,31.75,27.14,245.13
878,2,Terza Scelta,5,152.15,35.34,28.51,216.0
879,5,Prima Scelta,11,161.15,41.55,6.38,209.08
880,2,Prima Scelta,15,53.94,15.41,25.98,95.33
881,4,Prima Scelta,15,173.42,38.07,29.61,241.1
882,2,Seconda Scelta,7,139.07,23.25,28.68,191.0
883,1,Prima Scelta,6,126.89,35.68,22.42,184.99
884,8,Prima Scelta,13,155.17,12.04,7.31,174.52
885,7,Seconda Scelta,13,164.38,40.64,19.07,224.09
886,7,Prima Scelta,13,95.18,44.42,28.23,167.83
887,7,Terza Scelta,9,161.34,36.25,21.59,219.18
888,6,Terza Scelta,7,60.13,16.95,21.24,98.32
889,7,Terza Scelta,12,160.86,25.27,16.44,202.57
890,4,Terza Scelta,6,94.71,31.45,25.55,151.71
891,3,Terza Scelta,6,73.17,12.77,20.42,106.36
892,5,Seconda Scelta,8,156.41,25.13,21.24,202.78
893,7,Seconda Scelta,12,178.59,10.87,7.51,196.97
894,1,Prima Scelta,8,70.32,18.01,25.84,114.17
895,6,Terza Scelta,13,54.12,12.79,6.53,73.44
896,3,Prima Scelta,8,148.88,24.01,25.4,198.29
897,5,Seconda Scelta,8,85.74,17.31,26.26,129.31
898,4,Seconda Scelta,8,87.67,27.62,10.02,125.31
899,1,Prima Scelta,10,65.17,19.68,24.88,109.73
900,3,Prima Scelta,11,100.43,29.61,19.89,149.93
901,7,Prima Scelta,13,102.86,11.49,26.96,141.31
902,6,Terza Scelta,11,104.86,46.41,10.16,161.43
903,7,Seconda Scelta,11,129.38,22.31,7.14,158.83
904,3,Prima Scelta,9,156.19,10.24,9.15,175.58
905,7,Prima Scelta,7,115.11,39.88,19.25,174.24
906,8,Seconda Scelta,8,60.84,14.72,24.82,100.38
907,7,Terza Scelta,15,99.24,34.64,6.67,140.55
908,2,Terza Scelta,5,166.89,37.14,5.88,209.91
909,4,Terza Scelta,11,195.67,43.4,8.48,247.55
910,3,Terza Scelta,13,146.93,42.97,10.48,200.38
911,7,Prima Scelta,5,149.37,33.75,21.41,204.53
912,10,Terza Scelta,9,75.96,16.4,24.79,117.15
913,3,Terza Scelta,9,167.13,35.65,17.86,220.64
914,4,Terza Scelta,8,70.56,19.12,29.57,119.25
915,2,Seconda Scelta,15,173.55,15.99,21.77,211.31
916,4,Prima Scelta,13,111.99,18.64,24.59,155.22
917,10,Seconda Scelta,15,84.76,19.67,15.97,120.4
918,5,Seconda Scelta,14,80.65,39.22,11.02,130.89
919,3,Prima Scelta,14,186.85,38.4,18.5,243.75
920,6,Terza Scelta,6,53.04,20.13,27.9,101.07
921,8,Seconda Scelta,14,151.94,18.93,22.32,193.19
922,3,Seconda Scelta,7,166.79,36.07,23.65,226.51
923,6,Prima Scelta,5,50.48,49.43,6.03,105.94
924,1,Prima Scelta,5,97.44,11.13,25.09,133.66
925,10,Terza Scelta,10,176.79,29.04,14.4,220.23
926,2,Prima Scelta,11,142.68,13.12,5.64,161.44
927,2,Terza Scelta,14,192.93,16.63,22.36,231.92
928,8,Seconda Scelta,14,102.08,16.63,16.06,134.77
929,2,Terza Scelta,7,118.72,21.15,24.75,164.62
930,10,Terza Scelta,5,131.36,39.68,9.4,180.44
931,10,Terza Scelta,8,76.78,24.89,24.99,126.66
932,4,Seconda Scelta,11,129.47,30.69,26.33,186.49
933,6,Seconda Scelta,15,98.88,20.01,28.92,147.81
934,8,Seconda Scelta,5,68.8,49.85,19.67,138.32
935,9,Seconda Scelta,11,140.83,38.81,13.33,192.97
936,9,Seconda Scelta,15,53.3,39.26,23.05,115.61
937,6,Terza Scelta,7,115.22,23.9,13.27,152.39
938,4,Terza Scelta,8,70.78,16.56,18.71,106.05
939,9,Terza Scelta,9,51.09,23.49,12.31,86.89
940,1,Prima Scelta,8,135.23,43.59,10.68,189.5
941,6,Seconda Scelta,8,89.5,11.51,23.02,124.03
942,8,Prima Scelta,14,159.47,33.49,10.9,203.86
943,7,Terza Scelta,13,168.86,16.22,29.98,215.06
944,6,Seconda Scelta,11,126.73,25.56,16.76,169.05
945,6,Seconda Scelta,7,163.21,44.71,6.82,214.74
946,7,Prima Scelta,14,184.13,32.05,16.91,233.09
947,9,Prima Scelta,9,163.49,41.35,20.58,225.42
948,2,Prima Scelta,8,70.03,11.09,29.01,110.13
949,10,Terza Scelta,13,151.4,13.71,13.11,178.22
950,10,Terza Scelta,9,191.87,21.45,5.14,218.46
951,7,Seconda Scelta,12,78.77,37.05,25.62,141.44
952,10,Terza Scelta,6,141.5,35.52,16.9,193.92
953,6,Terza Scelta,11,173.96,40.48,25.39,239.83
954,8,Terza Scelta,14,168.54,15.48,10.34,194.36
955,7,Seconda Scelta,6,74.94,44.67,23.69,143.3
956,9,Prima Scelta,7,145.38,35.82,29.69,210.89
957,9,Terza Scelta,6,109.22,39.65,17.61,166.48
958,1,Prima Scelta,9,65.66,45.78,16.96,128.4
959,2,Seconda Scelta,12,61.39,28.49,11.48,101.36
960,7,Seconda Scelta,11,131.94,37.96,9.79,179.69
961,6,Seconda Scelta,9,89.0,12.31,5.96,107.27
962,9,Terza Scelta,8,131.32,31.78,12.17,175.27
963,7,Seconda Scelta,10,106.39,35.91,25.28,167.58
964,10,Seconda Scelta,7,66.85,40.7,8.9,116.45
965,9,Seconda Scelta,10,121.96,21.92,5.87,149.75
966,10,Seconda Scelta,8,199.45,48.74,18.08,266.27
967,2,Terza Scelta,10,171.05,33.29,7.53,211.87
968,10,Prima Scelta,15,199.57,25.39,22.03,246.99
969,4,Terza Scelta,11,159.88,36.2,28.84,224.92
970,3,Seconda Scelta,5,92.47,47.74,13.53,153.74
971,4,Prima Scelta,5,97.5,39.76,18.23,155.49
972,6,Seconda Scelta,10,174.65,49.46,22.81,246.92
973,7,Terza Scelta,14,140.27,11.84,17.6,169.71
974,3,Terza Scelta,9,107.44,17.72,7.16,132.32
975,4,Terza Scelta,7,79.85,46.67,20.95,147.47
976,8,Seconda Scelta,9,124.67,21.11,27.71,173.49
977,10,Seconda Scelta,6,63.89,18.79,26.15,108.83
978,1,Seconda Scelta,10,81.44,19.14,24.87,125.45
979,8,Prima Scelta,5,166.4,22.68,27.97,217.05
980,10,Prima Scelta,14,98.43,31.81,11.78,142.02
981,2,Prima Scelta,10,98.18,38.24,10.34,146.76
982,9,Prima Scelta,14,88.92,18.62,9.35,116.89
983,4,Terza Scelta,5,172.55,30.28,20.01,222.84
984,6,Prima Scelta,13,155.92,16.66,15.73,188.31
985,6,Seconda Scelta,5,87.64,48.78,24.93,161.35
986,2,Prima Scelta,5,159.56,37.12,28.73,225.41
987,7,Terza Scelta,5,55.61,38.17,27.88,121.66
988,2,Terza Scelta,14,59.96,37.47,5.97,103.4
989,1,Seconda Scelta,6,78.84,47.22,8.38,134.44
990,5,Terza Scelta,11,124.92,25.53,13.14,163.59
991,7,Seconda Scelta,8,165.62,33.38,13.71,212.71
992,8,Prima Scelta,10,73.59,39.41,18.17,131.17
993,9,Seconda Scelta,13,59.21,16.2,9.67,85.08
994,3,Prima Scelta,7,139.71,16.51,28.77,184.99
995,7,Terza Scelta,13,108.32,38.85,21.35,168.52
996,10,Terza Scelta,15,145.27,14.19,18.03,177.49
997,2,Prima Scelta,13,131.15,42.95,14.32,188.42
998,7,Seconda Scelta,12,134.22,21.78,12.04,168.04
999,7,Terza Scelta,14,64.73,10.23,22.06,97.02
1000,5,Terza Scelta,6,124.25,37.7,24.35,186.3
